{"author": "patreon.com/thediamondplayables", "display": {"frame": "challenge", "title": "TheDiamondPlayables's Packs", "description": {"translate": "All datapacks by %s.\n%s", "with": [{"text": "TheDiamondPlayables", "color": "aqua"}, {"text": "Enjoy!", "color": "green"}], "color": "yellow"}, "icon": {"item": "minecraft:player_head", "nbt": "{SkullOwner:{Id:[I;2117064067,1531005570,-1656654351,713378520],Properties:{textures:[{Value:\"eyJ0ZXh0dXJlcyI6eyJTS0lOIjp7InVybCI6Imh0dHA6Ly90ZXh0dXJlcy5taW5lY3JhZnQubmV0L3RleHR1cmUvYWI2MTU4ODFhYWY0MmI5OWJlMjUyMGVjZmQ3MDcwOTQzZjQzZDJjNmYzYTg3NzU0NDVlZTU4YmVlMWJlNWNjIn19fQ==\"}]}}}"}, "show_toast": false, "announce_to_chat": false, "hidden": false, "background": "minecraft:textures/block/sculk_catalyst_top.png"}, "criteria": {"source": {"trigger": "minecraft:tick"}}, "rewards": {"function": "tdp.main:has_dp"}}