{
    "pools": [
        {
            "rolls": 1,
            "entries": [
                {
                    "type": "loot_table",
                    "name": "fishing:random_items",
                    "weight": 10,
                    "quality": -2
                },
                {
                    "type": "loot_table",
                    "name": "fishing:treasure",
                    "weight": 5,
                    "quality": 2
                },
                {
                    "type": "loot_table",
                    "name": "fishing:fish",
                    "weight": 60,
                    "quality": -1
                },
				{
                    "type": "loot_table",
                    "name": "fishing:fish_heads",
                    "weight": 2,
                    "quality": 1
                },
				{
                    "type": "loot_table",
                    "name": "fishing:fish_eggs",
                    "weight": 3,
                    "quality": 0
                },
				{
                    "type": "loot_table",
                    "name": "fishing:ocean_things",
                    "weight": 20,
                    "quality": 2
                }
            ]
        }
    ]
}