{
    "pools": [
        {
            "rolls": 1,
            "entries": [
                {
                    "type": "item",
                    "name": "minecraft:cod_spawn_egg",
                    "weight": 30
                },
				{
                    "type": "item",
                    "name": "minecraft:salmon_spawn_egg",
                    "weight": 25
                },
				{
                    "type": "item",
                    "name": "minecraft:pufferfish_spawn_egg",
                    "weight": 10
                },
				{
                    "type": "item",
                    "name": "minecraft:tropical_fish_spawn_egg",
                    "weight": 5
                },
				{
                    "type": "item",
                    "name": "minecraft:squid_spawn_egg",
                    "weight": 15
                },
				{
                    "type": "item",
                    "name": "minecraft:dolphin_spawn_egg",
                    "weight": 5
                },
				{
                    "type": "item",
                    "name": "minecraft:dolphin_spawn_egg",
                    "weight": 10
                }
            ]
        }
    ]
}