{
    "pools": [
        {
            "rolls": 1,
            "entries": [
                {
                    "type": "item",
                    "name": "minecraft:player_head",
                    "weight": 30,
					"functions":[
								 {
								  "function":"set_name",
								  "name":{
										  "text":"Cod Head",
										  "color":"light_purple",
										  "italic":"false",
										  "bold":"true"
										 }
								 },
								 {
								  "function":"set_nbt",
								  "tag":"{SkullOwner:{Id:\"d6d4c744-06b4-4a8a-bc7a-bdb0770bb1cf\",Properties:{textures:[{Value:\"eyJ0ZXh0dXJlcyI6eyJTS0lOIjp7InVybCI6Imh0dHA6Ly90ZXh0dXJlcy5taW5lY3JhZnQubmV0L3RleHR1cmUvNzg5MmQ3ZGQ2YWFkZjM1Zjg2ZGEyN2ZiNjNkYTRlZGRhMjExZGY5NmQyODI5ZjY5MTQ2MmE0ZmIxY2FiMCJ9fX0=\"}]}}}"
								 }
								]
                },
				{
                    "type": "item",
                    "name": "minecraft:player_head",
                    "weight": 25,
					"functions":[
								 {
								  "function":"set_name",
								  "name":{
										  "text":"Salmon Head",
										  "color":"light_purple",
										  "italic":"false",
										  "bold":"true"
										 }
								 },
								 {
								  "function":"set_nbt",
								  "tag":"{SkullOwner:{Id:\"0354c430-3979-4b6e-8e65-a99eb3ea8818\",Properties:{textures:[{Value:\"eyJ0ZXh0dXJlcyI6eyJTS0lOIjp7InVybCI6Imh0dHA6Ly90ZXh0dXJlcy5taW5lY3JhZnQubmV0L3RleHR1cmUvOGFlYjIxYTI1ZTQ2ODA2Y2U4NTM3ZmJkNjY2ODI4MWNmMTc2Y2VhZmU5NWFmOTBlOTRhNWZkODQ5MjQ4NzgifX19\"}]}}}"
								 }
								]
                },
				{
                    "type": "item",
                    "name": "minecraft:player_head",
                    "weight": 10,
					"functions":[
								 {
								  "function":"set_name",
								  "name":{
										  "text":"Pufferfish Head",
										  "color":"light_purple",
										  "italic":"false",
										  "bold":"true"
										 }
								 },
								 {
								  "function":"set_nbt",
								  "tag":"{SkullOwner:{Id:\"258e3114-368c-48a1-85fd-be580912f0df\",Properties:{textures:[{Value:\"eyJ0ZXh0dXJlcyI6eyJTS0lOIjp7InVybCI6Imh0dHA6Ly90ZXh0dXJlcy5taW5lY3JhZnQubmV0L3RleHR1cmUvMTcxNTI4NzZiYzNhOTZkZDJhMjI5OTI0NWVkYjNiZWVmNjQ3YzhhNTZhYzg4NTNhNjg3YzNlN2I1ZDhiYiJ9fX0=\"}]}}}"
								 }
								]
                },
				{
                    "type": "item",
                    "name": "minecraft:player_head",
                    "weight": 5,
					"functions":[
								 {
								  "function":"set_name",
								  "name":{
										  "text":"Clownfish Head",
										  "color":"light_purple",
										  "italic":"false",
										  "bold":"true"
										 }
								 },
								 {
								  "function":"set_nbt",
								  "tag":"{SkullOwner:{Id:\"1d7f55d3-af59-40e6-90e5-83876d9bae34\",Properties:{textures:[{Value:\"eyJ0ZXh0dXJlcyI6eyJTS0lOIjp7InVybCI6Imh0dHA6Ly90ZXh0dXJlcy5taW5lY3JhZnQubmV0L3RleHR1cmUvMTI1MTBiMzAxYjA4ODYzOGVjNWM4NzQ3ZTJkNzU0NDE4Y2I3NDdhNWNlNzAyMmM5YzcxMmVjYmRjNWY2ZjA2NSJ9fX0=\"}]}}}"
								 }
								]
                },
				{
                    "type": "item",
                    "name": "minecraft:player_head",
                    "weight": 15,
					"functions":[
								 {
								  "function":"set_name",
								  "name":{
										  "text":"Squid Head",
										  "color":"light_purple",
										  "italic":"false",
										  "bold":"true"
										 }
								 },
								 {
								  "function":"set_nbt",
								  "tag":"{SkullOwner:{Id:\"125469b4-a919-45a9-857b-45cee52b3983\",Properties:{textures:[{Value:\"eyJ0ZXh0dXJlcyI6eyJTS0lOIjp7InVybCI6Imh0dHA6Ly90ZXh0dXJlcy5taW5lY3JhZnQubmV0L3RleHR1cmUvZDg3MDU2MjRkYWEyOTU2YWE0NTk1NmM4MWJhYjVmNGZkYjJjNzRhNTk2MDUxZTI0MTkyMDM5YWVhM2E4YjgifX19\"}]}}}"
								 }
								]
                },
				{
                    "type": "item",
                    "name": "minecraft:player_head",
                    "weight": 5,
					"functions":[
								 {
								  "function":"set_name",
								  "name":{
										  "text":"Dolphin Head",
										  "color":"light_purple",
										  "italic":"false",
										  "bold":"true"
										 }
								 },
								 {
								  "function":"set_nbt",
								  "tag":"{SkullOwner:{Id:\"8b7ccd6d-36de-47e0-8d5a-6f6799c6feb8\",Properties:{textures:[{Value:\"eyJ0ZXh0dXJlcyI6eyJTS0lOIjp7InVybCI6Imh0dHA6Ly90ZXh0dXJlcy5taW5lY3JhZnQubmV0L3RleHR1cmUvOGU5Njg4Yjk1MGQ4ODBiNTViN2FhMmNmY2Q3NmU1YTBmYTk0YWFjNmQxNmY3OGU4MzNmNzQ0M2VhMjlmZWQzIn19fQ==\"}]}}}"
								 }
								]
                },
				{
                    "type": "item",
                    "name": "minecraft:player_head",
                    "weight": 10,
					"functions":[
								 {
								  "function":"set_name",
								  "name":{
										  "text":"Turtle Head",
										  "color":"light_purple",
										  "italic":"false",
										  "bold":"true"
										 }
								 },
								 {
								  "function":"set_nbt",
								  "tag":"{SkullOwner:{Id:\"245f22b4-2c7c-4a9c-86fa-9ec64c54e4fa\",Properties:{textures:[{Value:\"eyJ0ZXh0dXJlcyI6eyJTS0lOIjp7InVybCI6Imh0dHA6Ly90ZXh0dXJlcy5taW5lY3JhZnQubmV0L3RleHR1cmUvMGE0MDUwZTdhYWNjNDUzOTIwMjY1OGZkYzMzOWRkMTgyZDdlMzIyZjlmYmNjNGQ1Zjk5YjU3MThhIn19fQ==\"}]}}}"
								 }
								]
                }
            ]
        }
    ]
}