{
    "pools": [
        {
            "rolls": 1,
            "entries": [
                {
                    "type": "item",
                    "name": "minecraft:tube_coral",
                    "weight": 7,
					"functions":[
								 {
								  "function":"set_count",
								  "count":{"min":4,"max":10}
								 }
								]
                },
				{
                    "type": "item",
                    "name": "minecraft:horn_coral",
                    "weight": 7,
					"functions":[
								 {
								  "function":"set_count",
								  "count":{"min":4,"max":10}
								 }
								]
                },
				{
                    "type": "item",
                    "name": "minecraft:fire_coral",
                    "weight": 7,
					"functions":[
								 {
								  "function":"set_count",
								  "count":{"min":4,"max":10}
								 }
								]
                },
				{
                    "type": "item",
                    "name": "minecraft:bubble_coral",
                    "weight": 7,
					"functions":[
								 {
								  "function":"set_count",
								  "count":{"min":4,"max":10}
								 }
								]
                },
				{
                    "type": "item",
                    "name": "minecraft:brain_coral",
                    "weight": 7,
					"functions":[
								 {
								  "function":"set_count",
								  "count":{"min":4,"max":10}
								 }
								]
                },
				{
                    "type": "item",
                    "name": "minecraft:tube_coral_fan",
                    "weight": 8,
					"functions":[
								 {
								  "function":"set_count",
								  "count":{"min":4,"max":10}
								 }
								]
                },
				{
                    "type": "item",
                    "name": "minecraft:horn_coral_fan",
                    "weight": 8,
					"functions":[
								 {
								  "function":"set_count",
								  "count":{"min":4,"max":10}
								 }
								]
                },
				{
                    "type": "item",
                    "name": "minecraft:fire_coral_fan",
                    "weight": 8,
					"functions":[
								 {
								  "function":"set_count",
								  "count":{"min":4,"max":10}
								 }
								]
                },
				{
                    "type": "item",
                    "name": "minecraft:bubble_coral_fan",
                    "weight": 8,
					"functions":[
								 {
								  "function":"set_count",
								  "count":{"min":4,"max":10}
								 }
								]
                },
				{
                    "type": "item",
                    "name": "minecraft:brain_coral_fan",
                    "weight": 8,
					"functions":[
								 {
								  "function":"set_count",
								  "count":{"min":4,"max":10}
								 }
								]
                },
				{
                    "type": "item",
                    "name": "minecraft:scute",
                    "weight": 5
                },
				{
                    "type": "item",
                    "name": "minecraft:prismarine_shard",
                    "weight": 7,
					"functions":[
								 {
								  "function":"set_count",
								  "count":{"min":4,"max":11}
								 }
								]
                },
				{
                    "type": "item",
                    "name": "minecraft:prismarine_crystals",
                    "weight": 6,
					"functions":[
								 {
								  "function":"set_count",
								  "count":{"min":6,"max":12}
								 }
								]
                },
				{
                    "type": "item",
                    "name": "minecraft:kelp",
                    "weight": 5,
					"functions":[
								 {
								  "function":"set_count",
								  "count":{"min":2,"max":5}
								 }
								]
                },
				{
                    "type": "item",
                    "name": "minecraft:turtle_helmet",
                    "weight": 2,
					"functions":[
								 {
								   "function":"set_damage",
								   "damage":{"min":0.1,"max":0.95}
								 }
								]
                }
            ]
        }
    ]
}