{
 "comment":"Datapack made by TheDiamondPlayables! Don't Plagiarize!",
 "criteria":{
  "grant":{
   "trigger": "minecraft:tick"}
  },
 "requirements":[
				 ["grant"]
				],
 "rewards":{
  "recipes":[
			 "colored_dyeing:crafting/wool/white",
			 "colored_dyeing:crafting/wool/red",
			 "colored_dyeing:crafting/wool/black",
			 "colored_dyeing:crafting/wool/blue",
			 "colored_dyeing:crafting/wool/gray",
			 "colored_dyeing:crafting/wool/light_blue",
			 "colored_dyeing:crafting/wool/light_gray",
			 "colored_dyeing:crafting/wool/yellow",
			 "colored_dyeing:crafting/wool/cyan",
			 "colored_dyeing:crafting/wool/pink",
			 "colored_dyeing:crafting/wool/purple",
			 "colored_dyeing:crafting/wool/magenta",
			 "colored_dyeing:crafting/wool/orange",
			 "colored_dyeing:crafting/wool/brown",
			 "colored_dyeing:crafting/wool/lime",
			 "colored_dyeing:crafting/wool/green",
			 "colored_dyeing:crafting/carpet/white",
			 "colored_dyeing:crafting/carpet/red",
			 "colored_dyeing:crafting/carpet/black",
			 "colored_dyeing:crafting/carpet/blue",
			 "colored_dyeing:crafting/carpet/gray",
			 "colored_dyeing:crafting/carpet/light_blue",
			 "colored_dyeing:crafting/carpet/light_gray",
			 "colored_dyeing:crafting/carpet/yellow",
			 "colored_dyeing:crafting/carpet/cyan",
			 "colored_dyeing:crafting/carpet/pink",
			 "colored_dyeing:crafting/carpet/purple",
			 "colored_dyeing:crafting/carpet/magenta",
			 "colored_dyeing:crafting/carpet/orange",
			 "colored_dyeing:crafting/carpet/brown",
			 "colored_dyeing:crafting/carpet/lime",
			 "colored_dyeing:crafting/carpet/green",
			 "colored_dyeing:crafting/bed/white",
			 "colored_dyeing:crafting/bed/red",
			 "colored_dyeing:crafting/bed/black",
			 "colored_dyeing:crafting/bed/blue",
			 "colored_dyeing:crafting/bed/gray",
			 "colored_dyeing:crafting/bed/light_blue",
			 "colored_dyeing:crafting/bed/light_gray",
			 "colored_dyeing:crafting/bed/yellow",
			 "colored_dyeing:crafting/bed/cyan",
			 "colored_dyeing:crafting/bed/pink",
			 "colored_dyeing:crafting/bed/purple",
			 "colored_dyeing:crafting/bed/magenta",
			 "colored_dyeing:crafting/bed/orange",
			 "colored_dyeing:crafting/bed/brown",
			 "colored_dyeing:crafting/bed/lime",
			 "colored_dyeing:crafting/bed/green",
			 "colored_dyeing:crafting/concrete/white",
			 "colored_dyeing:crafting/concrete/red",
			 "colored_dyeing:crafting/concrete/black",
			 "colored_dyeing:crafting/concrete/blue",
			 "colored_dyeing:crafting/concrete/gray",
			 "colored_dyeing:crafting/concrete/light_blue",
			 "colored_dyeing:crafting/concrete/light_gray",
			 "colored_dyeing:crafting/concrete/yellow",
			 "colored_dyeing:crafting/concrete/cyan",
			 "colored_dyeing:crafting/concrete/pink",
			 "colored_dyeing:crafting/concrete/purple",
			 "colored_dyeing:crafting/concrete/magenta",
			 "colored_dyeing:crafting/concrete/orange",
			 "colored_dyeing:crafting/concrete/brown",
			 "colored_dyeing:crafting/concrete/lime",
			 "colored_dyeing:crafting/concrete/green",
			 "colored_dyeing:crafting/concrete_powder/white",
			 "colored_dyeing:crafting/concrete_powder/red",
			 "colored_dyeing:crafting/concrete_powder/black",
			 "colored_dyeing:crafting/concrete_powder/blue",
			 "colored_dyeing:crafting/concrete_powder/gray",
			 "colored_dyeing:crafting/concrete_powder/light_blue",
			 "colored_dyeing:crafting/concrete_powder/light_gray",
			 "colored_dyeing:crafting/concrete_powder/yellow",
			 "colored_dyeing:crafting/concrete_powder/cyan",
			 "colored_dyeing:crafting/concrete_powder/pink",
			 "colored_dyeing:crafting/concrete_powder/purple",
			 "colored_dyeing:crafting/concrete_powder/magenta",
			 "colored_dyeing:crafting/concrete_powder/orange",
			 "colored_dyeing:crafting/concrete_powder/brown",
			 "colored_dyeing:crafting/concrete_powder/lime",
			 "colored_dyeing:crafting/concrete_powder/green",
			 "colored_dyeing:crafting/terracotta_pane/white",
			 "colored_dyeing:crafting/terracotta_pane/red",
			 "colored_dyeing:crafting/terracotta_pane/black",
			 "colored_dyeing:crafting/terracotta_pane/blue",
			 "colored_dyeing:crafting/terracotta_pane/gray",
			 "colored_dyeing:crafting/terracotta_pane/light_blue",
			 "colored_dyeing:crafting/terracotta_pane/light_gray",
			 "colored_dyeing:crafting/terracotta_pane/yellow",
			 "colored_dyeing:crafting/terracotta_pane/cyan",
			 "colored_dyeing:crafting/terracotta_pane/pink",
			 "colored_dyeing:crafting/terracotta_pane/purple",
			 "colored_dyeing:crafting/terracotta_pane/magenta",
			 "colored_dyeing:crafting/terracotta_pane/orange",
			 "colored_dyeing:crafting/terracotta_pane/brown",
			 "colored_dyeing:crafting/terracotta_pane/lime",
			 "colored_dyeing:crafting/terracotta_pane/green",
			 "colored_dyeing:crafting/terracotta_pane/clear",
			 "colored_dyeing:crafting/terracotta/white",
			 "colored_dyeing:crafting/terracotta/red",
			 "colored_dyeing:crafting/terracotta/black",
			 "colored_dyeing:crafting/terracotta/blue",
			 "colored_dyeing:crafting/terracotta/gray",
			 "colored_dyeing:crafting/terracotta/light_blue",
			 "colored_dyeing:crafting/terracotta/light_gray",
			 "colored_dyeing:crafting/terracotta/yellow",
			 "colored_dyeing:crafting/terracotta/cyan",
			 "colored_dyeing:crafting/terracotta/pink",
			 "colored_dyeing:crafting/terracotta/purple",
			 "colored_dyeing:crafting/terracotta/magenta",
			 "colored_dyeing:crafting/terracotta/orange",
			 "colored_dyeing:crafting/terracotta/brown",
			 "colored_dyeing:crafting/terracotta/lime",
			 "colored_dyeing:crafting/terracotta/green",
			 "colored_dyeing:crafting/terracotta/clear",
			 "colored_dyeing:crafting/stained_glass/white",
			 "colored_dyeing:crafting/stained_glass/red",
			 "colored_dyeing:crafting/stained_glass/black",
			 "colored_dyeing:crafting/stained_glass/blue",
			 "colored_dyeing:crafting/stained_glass/gray",
			 "colored_dyeing:crafting/stained_glass/light_blue",
			 "colored_dyeing:crafting/stained_glass/light_gray",
			 "colored_dyeing:crafting/stained_glass/yellow",
			 "colored_dyeing:crafting/stained_glass/cyan",
			 "colored_dyeing:crafting/stained_glass/pink",
			 "colored_dyeing:crafting/stained_glass/purple",
			 "colored_dyeing:crafting/stained_glass/magenta",
			 "colored_dyeing:crafting/stained_glass/orange",
			 "colored_dyeing:crafting/stained_glass/brown",
			 "colored_dyeing:crafting/stained_glass/lime",
			 "colored_dyeing:crafting/stained_glass/green",
			 "colored_dyeing:crafting/stained_glass/clear"
			]
		   }
}